"Student_ID","Gender","Year_of_Study","Sleep_Hours","Cups_of_Coffee","Notifications_per_Hour","Study_Hours","Study_Location","Concentration_Score","Test_Score"
"S01","M","3rd",9,1,14,2,"Library",102,71
"S02","M","4th",9,1,24,3,"Room",96,63
"S03","M","2nd",6,3,15,1,"Room",88,60
"S04","F","1st",9,3,29,1,"Room",75,40
"S05","M","3rd",9,0,27,5,"Library",96,88
"S06","F","1st",4,2,12,5,"Room",94,71
"S07","F","1st",9,2,18,3,"Room",100,79
"S08","F","2nd",5,0,25,2,"Library",76,52
"S09","M","3rd",4,2,17,5,"Room",97,67
"S10","M","3rd",5,4,6,5,"Room",125,112
"S11","F","4th",7,1,15,3,"Library",96,79
"S12","F","1st",8,2,17,3,"Room",109,69
"S13","F","3rd",8,1,18,1,"Library",96,61
"S14","M","1st",9,4,10,4,"Library",119,82
"S15","F","3rd",6,4,29,2,"Library",81,52
"S16","M","4th",4,2,12,1,"Room",90,64
"S17","F","2nd",7,3,16,2,"Room",92,74
"S18","M","1st",9,3,30,4,"Room",82,78
"S19","M","2nd",4,3,8,5,"Room",115,101
"S20","M","1st",9,4,17,1,"Library",92,59
"S21","M","1st",4,2,18,1,"Room",78,19
"S22","F","4th",6,0,25,1,"Room",89,64
"S23","M","4th",9,1,20,5,"Room",98,93
"S24","M","3rd",7,0,27,3,"Room",83,70
"S25","M","1st",4,1,5,1,"Library",103,55
"S26","M","2nd",9,4,12,2,"Library",99,74
"S27","F","1st",9,2,12,2,"Room",108,85
"S28","F","1st",6,3,14,1,"Library",99,50
"S29","M","3rd",9,3,29,2,"Room",80,63
"S30","F","1st",8,0,12,1,"Room",97,88
"S31","M","2nd",6,3,22,5,"Room",92,64
"S32","F","1st",9,0,25,2,"Library",77,64
"S33","M","3rd",5,2,13,3,"Room",101,72
"S34","F","1st",8,3,11,5,"Room",112,78
"S35","F","3rd",8,2,11,4,"Room",113,79
"S36","M","2nd",6,4,30,5,"Library",81,74
"S37","M","4th",5,3,14,2,"Room",100,66
"S38","M","3rd",5,3,28,1,"Room",72,34
"S39","M","4th",5,3,26,4,"Library",97,76
"S40","F","4th",7,0,27,2,"Room",81,49
